sex,minority,mathPrescore,mathGain,ses,teachXper,teachrMath,povertyRate,teachrMathprep,classid,schoolid,childid
F,1,448,32,0.46,1,NA,0.082,2,160,1,1
M,1,460,109,-0.27,1,NA,0.082,2,160,1,2
F,1,511,56,-0.03,1,NA,0.082,2,160,1,3
M,1,449,83,-0.38,2,-0.11,0.082,3.25,217,1,4
M,1,425,53,-0.03,2,-0.11,0.082,3.25,217,1,5
F,1,450,65,0.76,2,-0.11,0.082,3.25,217,1,6
M,1,452,51,-0.03,2,-0.11,0.082,3.25,217,1,7
M,1,443,66,0.2,2,-0.11,0.082,3.25,217,1,8
F,1,422,88,0.64,2,-0.11,0.082,3.25,217,1,9
M,1,480,-7,0.13,2,-0.11,0.082,3.25,217,1,10
M,1,502,60,0.83,2,-0.11,0.082,3.25,217,1,11
F,1,502,-2,0.06,1,-1.25,0.082,2.5,197,2,12
M,0,430,101,0.3,1,-1.25,0.082,2.5,197,2,13
M,0,526,30,-0.27,2,-0.72,0.082,2.33,211,2,14
M,0,504,65,0.74,2,-0.72,0.082,2.33,211,2,15
F,0,527,29,0.31,2,-0.72,0.082,2.33,211,2,16
F,0,462,152,1.1,2,-0.72,0.082,2.33,211,2,17
M,0,483,50,0.52,12.54,NA,0.082,2.3,307,2,18
F,1,516,60,-1.15,12.54,NA,0.082,2.3,307,2,19
M,1,476,74,0,12.54,NA,0.082,2.3,307,2,20
M,1,453,91,0.39,12.54,NA,0.082,2.3,307,2,21
M,0,494,68,-0.06,20,0.45,0.086,3.83,11,3,22
M,0,416,94,-0.26,20,0.45,0.086,3.83,11,3,23
M,0,456,120,0.64,20,0.45,0.086,3.83,11,3,24
F,0,445,58,-0.37,20,0.45,0.086,3.83,11,3,25
M,0,446,123,0.54,5,0.99,0.086,2.25,137,3,26
F,0,479,88,2.21,5,0.99,0.086,2.25,137,3,27
M,1,474,60,-0.43,19,1.61,0.086,3,145,3,28
M,0,453,152,0.41,19,1.61,0.086,3,145,3,29
M,0,494,96,0.06,19,1.61,0.086,3,145,3,30
F,0,529,57,-0.09,19,1.61,0.086,3,145,3,31
M,1,461,115,1.58,19,1.61,0.086,3,145,3,32
M,0,482,58,0.12,8,1.14,0.086,2.17,228,3,33
M,0,475,51,-0.35,8,1.14,0.086,2.17,228,3,34
M,0,464,104,0.9,8,1.14,0.086,2.17,228,3,35
F,1,496,65,-1.03,27,-1.05,0.365,2,48,4,36
F,1,443,64,-0.8,27,-1.05,0.365,2,48,4,37
M,1,455,59,1.04,27,-1.05,0.365,2,48,4,38
M,1,447,70,-0.3,27,-1.05,0.365,2,48,4,39
F,1,501,63,0.9,12,NA,0.365,2,179,4,40
M,1,434,-110,-0.37,12,NA,0.365,2,179,4,41
F,1,462,73,-0.03,3,0.22,0.511,3.75,299,5,42
M,1,444,100,-0.03,3,0.22,0.511,3.75,299,5,43
F,1,472,-9,-1.39,3,0.22,0.511,3.75,299,5,44
F,1,450,67,-1.25,3,0.22,0.511,3.75,299,5,45
M,1,463,58,-0.28,3,0.22,0.511,3.75,299,5,46
F,1,381,72,0.41,3,0.22,0.511,3.75,299,5,47
F,1,447,88,0.01,1,-0.86,0.044,1.75,254,6,48
M,0,504,115,-0.31,1,-0.86,0.044,1.75,254,6,49
M,1,483,62,-1.43,24,-0.73,0.044,4,286,6,50
F,0,459,42,-0.73,24,-0.73,0.044,4,286,6,51
M,0,472,88,1.31,24,-0.73,0.044,4,286,6,52
F,0,475,71,0.09,24,-0.73,0.044,4,286,6,53
M,1,468,74,0.35,24,-0.73,0.044,4,286,6,54
M,0,467,67,-0.02,24,-0.73,0.044,4,286,6,55
F,1,418,74,0.79,19,-0.98,0.044,2.5,291,6,56
F,1,415,87,-0.69,19,-0.98,0.044,2.5,291,6,57
M,1,444,83,-0.44,19,-0.98,0.044,2.5,291,6,58
M,1,433,93,0.29,19,-0.98,0.044,2.5,291,6,59
M,0,427,56,-1.3,13,1.53,0.148,2.33,89,7,60
F,0,428,40,-0.32,13,1.53,0.148,2.33,89,7,61
F,0,429,69,0.57,13,1.53,0.148,2.33,89,7,62
F,0,497,75,-0.03,7,NA,0.148,2.5,107,7,63
F,1,422,57,0.94,7,NA,0.148,2.5,107,7,64
F,1,487,23,-1.02,7,NA,0.148,2.5,107,7,65
M,1,435,53,-0.88,7,NA,0.148,2.5,107,7,66
F,0,411,114,-0.78,8,1.1,0.148,2.33,162,7,67
F,0,396,56,-0.98,8,1.1,0.148,2.33,162,7,68
M,0,462,55,1.41,13,-0.79,0.148,3.33,280,7,69
F,0,463,28,-0.35,13,-0.79,0.148,3.33,280,7,70
M,1,444,61,-1.15,13,-0.79,0.148,3.33,280,7,71
F,0,451,59,-0.46,13,-0.79,0.148,3.33,280,7,72
F,0,437,57,-0.21,13,-0.79,0.148,3.33,280,7,73
M,1,484,85,0.62,6,-0.14,0.085,2,147,8,74
M,1,488,28,0.18,6,-0.14,0.085,2,147,8,75
F,1,475,166,-0.14,6,-0.14,0.085,2,147,8,76
M,1,544,61,1.11,6,-0.14,0.085,2,147,8,77
F,1,467,47,-0.79,6,-0.14,0.085,2,147,8,78
F,1,509,62,0.86,6,-0.07,0.085,2,265,8,79
F,1,489,35,-0.11,6,-0.07,0.085,2,265,8,80
F,1,448,52,0.15,6,-0.07,0.085,2,265,8,81
M,1,516,70,0.28,6,-0.07,0.085,2,265,8,82
M,1,489,11,-1.37,22,0.28,0.085,1.5,279,8,83
M,1,519,37,1.34,22,0.28,0.085,1.5,279,8,84
M,0,517,36,-0.16,22,0.28,0.085,1.5,279,8,85
F,1,552,13,0.69,22,0.28,0.085,1.5,279,8,86
M,0,475,6,0.2,22,0.28,0.085,1.5,279,8,87
F,1,535,21,0.39,22,0.28,0.085,1.5,279,8,88
F,1,472,26,1.34,22,0.28,0.085,1.5,279,8,89
F,1,497,22,-0.11,23,-1.05,0.537,1.25,17,9,90
M,1,542,26,-0.03,23,-1.05,0.537,1.25,17,9,91
M,1,422,74,1,23,-1.05,0.537,1.25,17,9,92
F,1,482,41,-0.03,23,-0.42,0.537,1.17,58,9,93
M,1,459,13,0,24,-0.43,0.537,3,283,9,94
F,1,450,33,-1.45,24,-0.43,0.537,3,283,9,95
M,1,376,102,-0.3,15,-1.06,0.346,3.25,178,10,96
F,1,460,72,-0.38,15,-1.06,0.346,3.25,178,10,97
F,1,473,44,-0.82,21,-0.48,0.346,2.5,208,10,98
M,1,428,78,-0.97,21,-0.48,0.346,2.5,208,10,99
M,1,437,48,-0.94,21,-0.48,0.346,2.5,208,10,100
M,1,436,90,-1.27,21,-0.48,0.346,2.5,208,10,101
F,1,449,78,-1.09,1,NA,0.346,2,278,10,102
M,1,477,107,0.19,1,NA,0.346,2,278,10,103
F,1,477,67,-0.1,1,NA,0.346,2,278,10,104
F,1,410,75,-0.21,1,NA,0.346,2,278,10,105
M,1,439,69,0.15,1,NA,0.346,2,278,10,106
M,1,463,51,1.7,1,NA,0.346,2,278,10,107
F,1,456,70,-0.58,1,NA,0.346,2,278,10,108
M,1,433,103,-1,1,NA,0.346,2,278,10,109
M,1,433,90,-0.45,24,0.48,0.346,3.75,303,10,110
M,1,427,85,-0.37,24,0.48,0.346,3.75,303,10,111
F,1,444,55,-1.21,24,0.48,0.346,3.75,303,10,112
F,1,426,65,-1.45,24,0.48,0.346,3.75,303,10,113
F,0,526,44,0.83,6,0.12,0.101,4,86,11,114
M,1,494,66,1.42,6,0.12,0.101,4,86,11,115
M,0,494,58,2.15,6,0.12,0.101,4,86,11,116
F,0,479,90,0.56,6,0.12,0.101,4,86,11,117
F,0,538,35,-0.66,6,0.12,0.101,4,86,11,118
F,0,484,84,0.9,4,-0.42,0.101,2.5,113,11,119
M,0,576,8,-0.07,4,-0.42,0.101,2.5,113,11,120
F,0,485,58,0.4,4,-0.42,0.101,2.5,113,11,121
M,0,535,22,1.31,24,-0.13,0.101,2.25,131,11,122
F,0,467,77,-0.27,24,-0.13,0.101,2.25,131,11,123
M,0,505,25,-0.01,3,-0.52,0.101,2.24,172,11,124
F,0,480,22,0.27,3,-0.52,0.101,2.24,172,11,125
F,0,629,-35,0.07,3,-0.52,0.101,2.24,172,11,126
F,0,488,38,0.94,3,-0.52,0.101,2.24,172,11,127
F,1,509,28,0.63,3,0.31,0.101,2.5,195,11,128
F,0,493,77,0.41,3,0.31,0.101,2.5,195,11,129
M,0,470,69,-0.32,3,0.31,0.101,2.5,195,11,130
M,0,529,62,2.06,3,0.31,0.101,2.5,195,11,131
F,0,468,38,-0.02,1,-0.73,0.101,3,201,11,132
F,1,514,18,0.03,1,-0.73,0.101,3,201,11,133
F,0,465,67,0.21,1,-0.73,0.101,3,201,11,134
F,0,511,20,1.06,1,-0.73,0.101,3,201,11,135
M,1,461,42,-1.17,1,-0.73,0.101,3,201,11,136
M,0,496,54,0.71,27,-1.32,0.101,2,233,11,137
F,0,499,111,0.61,2,-0.72,0.101,2,285,11,138
F,0,454,68,-0.34,2,-0.72,0.101,2,285,11,139
F,0,527,38,0.1,2,-0.72,0.101,2,285,11,140
F,0,516,51,0.8,4,-1.02,0.101,2.5,293,11,141
M,1,434,94,-0.77,4,-1.02,0.101,2.5,293,11,142
F,0,499,39,1.32,4,-1.02,0.101,2.5,293,11,143
M,0,469,96,0.03,4,-1.02,0.101,2.5,293,11,144
M,1,424,36,-0.03,6,0.32,0.106,3,20,12,145
M,1,485,58,-0.03,6,0.32,0.106,3,20,12,146
F,1,463,53,0.59,6,0.32,0.106,3,20,12,147
M,1,427,63,0.45,5,-0.84,0.106,1.5,49,12,148
M,1,401,74,-0.22,5,-0.84,0.106,1.5,49,12,149
F,1,486,23,0.61,5,-0.84,0.106,1.5,49,12,150
F,1,522,12,-0.03,5,-0.84,0.106,1.5,49,12,151
M,1,450,53,-0.03,5,-0.84,0.106,1.5,49,12,152
M,1,408,104,-0.03,5,-0.84,0.106,1.5,49,12,153
M,1,493,27,1.12,2,1.21,0.106,2,81,12,154
F,1,417,46,-0.03,2,1.21,0.106,2,81,12,155
M,1,428,95,-0.03,2,1.21,0.106,2,81,12,156
F,1,453,50,-0.6,2,1.21,0.106,2,81,12,157
F,1,435,84,-0.03,2,1.21,0.106,2,81,12,158
F,1,450,40,-0.6,2,1.21,0.106,2,81,12,159
F,1,464,59,-0.03,2,1.21,0.106,2,81,12,160
F,1,433,91,-0.42,2,1.21,0.106,2,81,12,161
M,1,429,111,0.73,16,NA,0.106,3.06,251,12,162
F,1,497,41,0.88,16,NA,0.106,3.06,251,12,163
M,1,430,18,0.26,16,NA,0.106,3.06,251,12,164
F,1,535,28,0.07,25,-0.19,0.106,2.5,302,12,165
M,1,535,5,0.18,25,-0.19,0.106,2.5,302,12,166
F,1,508,67,1.64,25,-0.19,0.106,2.5,302,12,167
M,1,459,59,-0.03,25,-0.19,0.106,2.5,302,12,168
M,1,474,45,0.73,25,-0.19,0.106,2.5,302,12,169
M,1,491,47,-0.03,25,-0.19,0.106,2.5,302,12,170
F,1,491,26,1.32,25,-0.19,0.106,2.5,302,12,171
M,1,433,52,0.86,20,0.12,0.055,2.5,64,13,172
F,0,462,32,0.58,20,0.12,0.055,2.5,64,13,173
F,0,462,44,-0.76,20,0.12,0.055,2.5,64,13,174
F,0,506,41,-0.24,20,0.12,0.055,2.5,64,13,175
M,0,477,98,0.01,20,0.12,0.055,2.5,64,13,176
F,0,466,59,0.29,1,1.19,0.055,2,166,13,177
M,0,529,-11,0.08,1,1.19,0.055,2,166,13,178
F,0,499,35,-0.19,1,1.19,0.055,2,166,13,179
M,1,481,79,0.31,1,1.19,0.055,2,166,13,180
M,1,470,26,-0.37,17,0.86,0.157,5.25,41,14,181
M,1,519,-11,-0.14,17,0.86,0.157,5.25,41,14,182
F,1,441,23,0.05,17,0.86,0.157,5.25,41,14,183
M,1,436,88,0.29,17,0.86,0.157,5.25,41,14,184
F,1,431,52,-1.12,17,0.86,0.157,5.25,41,14,185
M,1,515,13,0.24,24,0.12,0.157,3,141,14,186
M,1,467,32,-0.42,24,0.12,0.157,3,141,14,187
F,1,455,19,-0.3,24,0.12,0.157,3,141,14,188
F,1,415,62,-0.2,24,0.12,0.157,3,141,14,189
M,1,477,69,0.09,24,0.12,0.157,3,141,14,190
M,1,490,71,0.01,22,-0.42,0.157,2,167,14,191
M,1,521,25,0.06,22,-0.42,0.157,2,167,14,192
M,1,437,90,0.03,22,-0.42,0.157,2,167,14,193
M,1,526,41,-0.39,22,-0.42,0.157,2,167,14,194
F,1,434,65,0.34,22,-0.42,0.157,2,167,14,195
M,1,342,182,-0.24,14,0.15,0.121,1.33,5,15,196
F,1,404,79,0.73,24,-0.7,0.121,6,85,15,197
F,1,457,36,0.07,24,-0.7,0.121,6,85,15,198
F,0,457,47,-0.37,24,-0.7,0.121,6,85,15,199
F,1,397,103,-0.35,24,-0.7,0.121,6,85,15,200
M,0,422,91,-0.29,24,-0.7,0.121,6,85,15,201
M,1,424,113,-0.91,24,-0.7,0.121,6,85,15,202
M,1,439,98,0.23,24,-0.7,0.121,6,85,15,203
F,1,449,94,-0.48,30,-0.34,0.121,2.25,92,15,204
M,1,506,39,0.97,12,0.35,0.121,2.5,119,15,205
M,1,533,33,-0.97,5,-1.21,0.121,1,260,15,206
F,1,446,38,-1.01,5,-1.21,0.121,1,260,15,207
M,1,521,22,-0.76,5,-1.21,0.121,1,260,15,208
M,1,412,118,1.46,12,0.89,0.113,2.3,206,16,209
F,1,474,83,0.68,12,0.89,0.113,2.3,206,16,210
F,1,447,78,0.05,12,0.89,0.113,2.3,206,16,211
M,1,441,74,-1.52,12,0.89,0.113,2.3,206,16,212
F,1,411,90,-0.02,12,0.89,0.113,2.3,206,16,213
F,1,390,108,-0.44,12,-0.48,0.113,4,256,16,214
M,1,429,51,-1.03,21,NA,0.261,2.83,7,17,215
F,1,381,143,-0.49,5,-1.26,0.261,3.25,10,17,216
M,1,419,69,-1.35,5,-1.26,0.261,3.25,10,17,217
M,1,441,54,-0.49,19,-0.42,0.261,2.5,87,17,218
M,1,379,129,-0.51,21,-2.31,0.261,3.33,177,17,219
F,1,434,65,1.04,21,-2.31,0.261,3.33,177,17,220
M,1,416,57,-0.72,21,-2.31,0.261,3.33,177,17,221
M,1,403,49,-0.69,8,-1.42,0.261,3,216,17,222
M,1,457,62,-0.93,8,-1.42,0.261,3,216,17,223
M,1,419,71,-0.61,23,1.13,0.272,2.25,31,18,224
F,0,409,75,0.57,23,1.13,0.272,2.25,31,18,225
M,0,290,164,-0.14,23,1.13,0.272,2.25,31,18,226
F,0,440,49,-0.03,23,1.13,0.272,2.25,31,18,227
M,1,431,80,-0.18,1,-0.41,0.058,2.25,98,19,228
M,1,437,37,-0.85,1,-0.41,0.058,2.25,98,19,229
M,1,477,45,-0.13,1,-0.41,0.058,2.25,98,19,230
M,1,416,56,1.56,1,-0.41,0.058,2.25,98,19,231
F,1,455,50,-0.16,1,-0.41,0.058,2.25,98,19,232
F,1,470,24,-0.36,30,-1.39,0.058,5.5,110,19,233
M,1,456,101,-0.15,30,-1.39,0.058,5.5,110,19,234
F,1,422,31,-0.61,30,-1.39,0.058,5.5,110,19,235
F,1,484,51,1.22,30,-1.39,0.058,5.5,110,19,236
F,1,463,57,0.29,2,-0.17,0.058,1.75,170,19,237
F,1,398,79,-0.66,2,-0.17,0.058,1.75,170,19,238
F,1,445,72,-0.8,19,-1.84,0.532,3.33,30,20,239
F,1,484,29,-0.58,19,-1.84,0.532,3.33,30,20,240
F,1,393,47,-0.51,19,-1.84,0.532,3.33,30,20,241
F,1,447,68,-1.01,19,-1.84,0.532,3.33,30,20,242
M,1,429,67,-0.47,5,-0.5,0.532,2.5,94,20,243
M,1,453,41,-0.64,5,-0.5,0.532,2.5,94,20,244
F,1,508,63,-0.24,5,-0.5,0.532,2.5,94,20,245
F,1,462,97,0.61,5,-0.5,0.532,2.5,94,20,246
M,1,435,67,-0.63,5,-0.5,0.532,2.5,94,20,247
M,1,485,43,-0.4,5,-0.5,0.532,2.5,94,20,248
M,1,484,68,-0.98,6,-0.84,0.532,2.25,101,20,249
F,1,417,79,-1.16,6,-0.84,0.532,2.25,101,20,250
M,1,431,36,-0.32,8,-0.12,0.187,3.75,6,21,251
M,1,454,23,-0.03,8,-0.12,0.187,3.75,6,21,252
M,0,452,34,0.28,8,-0.12,0.187,3.75,6,21,253
F,1,448,44,0.31,8,-0.12,0.187,3.75,6,21,254
F,0,405,60,0.33,8,-0.12,0.187,3.75,6,21,255
M,1,460,86,0.2,14,-0.17,0.187,3.17,130,21,256
M,1,435,24,-0.44,14,-0.17,0.187,3.17,130,21,257
M,1,461,73,0.68,14,-0.17,0.187,3.17,130,21,258
M,0,434,75,0.1,14,-0.17,0.187,3.17,130,21,259
M,1,494,46,0.25,12,-0.13,0.187,4.5,158,21,260
M,1,443,87,0.51,12,-0.13,0.187,4.5,158,21,261
M,1,524,49,0.08,12,-0.13,0.187,4.5,158,21,262
M,1,437,67,0.53,12,-0.13,0.187,4.5,158,21,263
M,1,392,91,-0.8,12,-0.13,0.187,4.5,158,21,264
M,1,457,28,-0.16,12,-0.13,0.187,4.5,158,21,265
F,0,431,102,-1.1,12,-0.13,0.187,4.5,158,21,266
F,1,494,39,0.37,12,-0.13,0.187,4.5,158,21,267
M,1,433,46,-1.44,0,-0.72,0.438,2,159,22,268
F,1,449,48,0.47,0,-0.72,0.438,2,159,22,269
F,1,447,39,0.31,0,-0.72,0.438,2,159,22,270
F,1,462,25,-0.3,0,-0.72,0.438,2,159,22,271
M,1,459,82,-0.89,14,-0.76,0.282,2.25,43,23,272
F,1,495,34,0.59,14,-0.76,0.282,2.25,43,23,273
M,1,483,43,-0.78,14,-0.76,0.282,2.25,43,23,274
F,1,462,117,-0.81,3,0.12,0.282,2,47,23,275
M,1,447,74,-0.75,21,0.55,0.282,2.25,163,23,276
F,1,497,30,-0.33,27,-1.02,0.263,2.25,55,24,277
F,1,494,-2,0.19,27,-1.02,0.263,2.25,55,24,278
F,1,427,65,0.68,27,-1.02,0.263,2.25,55,24,279
F,1,447,30,-0.17,27,-1.02,0.263,2.25,55,24,280
F,1,477,0,-0.87,27,-1.02,0.263,2.25,55,24,281
M,1,539,-16,1.57,31,-1.68,0.263,3,77,24,282
F,1,431,106,-0.34,5,0.72,0.263,2.25,93,24,283
F,1,496,88,0.21,9,-0.79,0.263,2.5,150,24,284
F,1,443,38,-0.03,15,-0.77,0.309,2.17,97,25,285
F,1,469,27,0.03,15,-0.77,0.309,2.17,97,25,286
F,1,374,59,-0.4,6,0.93,0.309,2,297,25,287
F,1,513,-6,-0.76,6,0.93,0.309,2,297,25,288
F,1,450,34,-0.03,6,0.93,0.309,2,297,25,289
M,1,447,7,0.53,6,0.93,0.309,2,297,25,290
M,1,450,39,-0.64,6,0.93,0.309,2,297,25,291
M,1,439,97,0.67,4,0.61,0.564,2.25,78,26,292
M,1,480,56,-0.03,4,0.61,0.564,2.25,78,26,293
F,1,497,56,-1.37,4,0.61,0.564,2.25,78,26,294
F,1,482,43,-0.25,4,0.61,0.564,2.25,78,26,295
M,1,409,71,0.35,4,0.61,0.564,2.25,78,26,296
F,1,466,42,-0.53,4,0.61,0.564,2.25,78,26,297
M,1,439,88,-0.32,4,0.61,0.564,2.25,78,26,298
M,1,430,86,1.04,4,0.61,0.564,2.25,78,26,299
F,1,470,41,0.4,13,1.31,0.564,4.75,102,26,300
M,1,476,43,-0.03,13,1.31,0.564,4.75,102,26,301
M,1,481,78,-1.35,13,1.31,0.564,4.75,102,26,302
M,1,443,65,-0.03,0,0.59,0.564,2,139,26,303
F,1,415,-2,-0.03,0,0.59,0.564,2,139,26,304
F,1,503,41,0.54,0,0.59,0.564,2,139,26,305
M,1,468,64,0.21,0,0.59,0.564,2,139,26,306
M,0,515,30,1.02,9,0.43,0.05,3,104,27,307
M,0,505,48,1.14,9,0.43,0.05,3,104,27,308
M,0,440,44,0.51,9,0.43,0.05,3,104,27,309
M,0,454,25,-0.63,9,0.43,0.05,3,104,27,310
M,0,520,69,0.36,9,0.43,0.05,3,104,27,311
F,0,542,138,2.27,9,0.43,0.05,3,104,27,312
F,0,498,81,0.52,6,0.15,0.05,2.17,190,27,313
F,0,495,41,-0.39,6,0.15,0.05,2.17,190,27,314
M,0,491,54,-0.18,6,0.15,0.05,2.17,190,27,315
F,0,499,88,-0.38,6,0.15,0.05,2.17,190,27,316
F,0,450,56,-0.2,6,0.15,0.05,2.17,190,27,317
M,0,471,82,-0.06,6,0.15,0.05,2.17,190,27,318
F,0,497,78,0.45,6,0.15,0.05,2.17,190,27,319
M,0,568,19,1.28,6,0.15,0.05,2.17,190,27,320
M,0,509,24,0.63,12,0.01,0.05,1,230,27,321
F,0,544,3,0.02,12,0.01,0.05,1,230,27,322
M,0,536,42,-0.01,3,-0.59,0.05,2,262,27,323
M,0,510,67,0.29,3,-0.59,0.05,2,262,27,324
F,0,408,76,0.8,3,-0.59,0.05,2,262,27,325
M,0,471,54,0.05,3,-0.59,0.05,2,262,27,326
F,0,513,113,2.18,3,-0.59,0.05,2,262,27,327
M,1,544,-5,0.4,26,-0.92,0.214,2,114,28,328
F,1,464,33,-1.45,26,-0.92,0.214,2,114,28,329
F,1,467,47,-1.1,26,-0.92,0.214,2,114,28,330
M,1,397,50,0,26,-0.92,0.214,2,114,28,331
M,1,414,71,0.36,5,-0.72,0.214,2,118,28,332
M,1,511,11,-0.95,27,0.74,0.214,3,202,28,333
M,1,524,2,0.22,27,0.74,0.214,3,202,28,334
F,1,454,10,-0.67,27,0.74,0.214,3,202,28,335
F,1,478,49,0.22,15,-0.6,0.214,1,203,28,336
F,1,290,197,-0.46,15,-0.6,0.214,1,203,28,337
F,0,493,39,0.45,19,0.46,0.102,3.75,115,29,338
F,0,483,89,-0.06,19,0.46,0.102,3.75,115,29,339
M,1,490,56,-0.72,19,0.46,0.102,3.75,115,29,340
F,1,489,34,-0.85,19,0.46,0.102,3.75,115,29,341
F,1,505,17,-0.05,10,0.28,0.102,2,223,29,342
M,0,452,87,1.04,10,0.28,0.102,2,223,29,343
F,1,536,-7,-0.35,10,0.28,0.102,2,223,29,344
F,0,537,42,-0.72,10,0.28,0.102,2,223,29,345
M,1,475,13,0.83,2,0.34,0.085,2,175,30,346
F,1,451,29,-0.1,2,0.34,0.085,2,175,30,347
M,1,401,41,-0.37,2,0.34,0.085,2,175,30,348
F,1,497,-2,-0.05,14,NA,0.012,4,51,31,349
M,1,406,64,-0.35,14,NA,0.012,4,51,31,350
M,1,460,41,-0.05,14,NA,0.012,4,51,31,351
F,1,432,18,-0.48,14,NA,0.012,4,51,31,352
F,1,414,61,-0.78,14,NA,0.012,4,51,31,353
M,1,370,91,-0.8,14,NA,0.012,4,51,31,354
M,1,405,94,-0.25,8,-0.72,0.012,2,156,31,355
M,1,454,31,0.02,8,-0.72,0.012,2,156,31,356
M,1,454,55,0.25,8,-0.72,0.012,2,156,31,357
F,1,471,14,-0.72,8,-0.72,0.012,2,156,31,358
F,1,463,43,-0.23,8,-0.72,0.012,2,156,31,359
F,1,448,70,1.06,8,-0.72,0.012,2,156,31,360
M,1,480,76,-0.88,12,1.18,0.012,5.25,234,31,361
F,1,467,25,-0.12,12,1.18,0.012,5.25,234,31,362
F,1,495,45,-0.38,12,1.18,0.012,5.25,234,31,363
F,1,451,44,1.34,12,1.18,0.012,5.25,234,31,364
F,1,370,163,-0.96,12,1.18,0.012,5.25,234,31,365
F,1,435,97,0.01,12,1.18,0.012,5.25,234,31,366
F,1,410,84,-0.03,12,1.18,0.012,5.25,234,31,367
F,1,451,-20,0.39,20,-1.21,0.012,2,258,31,368
F,1,487,13,-0.42,20,-1.21,0.012,2,258,31,369
M,1,453,7,-0.53,20,-1.21,0.012,2,258,31,370
M,1,470,100,0.01,9,0.12,0.261,2,191,32,371
F,1,488,61,0.6,18,-0.83,0.261,2.25,204,32,372
F,1,561,3,1.06,18,-0.83,0.261,2.25,204,32,373
F,1,452,92,0.49,24,-0.24,0.261,2,252,32,374
M,1,516,32,-0.5,24,-0.24,0.261,2,252,32,375
F,1,470,68,0.54,24,-0.24,0.261,2,252,32,376
F,1,515,56,-0.36,24,-0.24,0.261,2,252,32,377
M,1,492,74,-0.74,24,-0.24,0.261,2,252,32,378
F,1,529,-12,-0.03,24,-0.24,0.261,2,252,32,379
F,1,398,65,-0.12,19,-0.45,0.047,4.5,26,33,380
F,1,453,49,-0.72,19,-0.45,0.047,4.5,26,33,381
F,1,523,47,-0.29,19,-0.45,0.047,4.5,26,33,382
F,1,440,94,-0.03,19,-0.45,0.047,4.5,26,33,383
M,1,419,102,0.01,19,-0.45,0.047,4.5,26,33,384
M,1,395,103,-0.09,19,-0.45,0.047,4.5,26,33,385
M,1,483,32,-1.17,19,-0.45,0.047,4.5,26,33,386
F,1,439,100,0.6,19,-0.45,0.047,4.5,26,33,387
F,1,498,53,1.32,19,-0.45,0.047,4.5,26,33,388
F,1,478,96,0.99,19,-0.45,0.047,4.5,26,33,389
M,1,508,-20,-0.4,1,NA,0.047,2.3,32,33,390
F,1,496,29,1.17,1,NA,0.047,2.3,32,33,391
M,1,448,101,-0.31,1,NA,0.047,2.3,32,33,392
F,1,483,12,-0.03,1,NA,0.047,2.3,32,33,393
M,1,476,27,0.2,2,-0.72,0.047,5.5,88,33,394
F,1,485,16,0.08,2,-0.72,0.047,5.5,88,33,395
F,1,443,39,-1.32,19,0.12,0.047,4,100,33,396
M,1,423,62,-0.4,3,1.05,0.047,2.75,229,33,397
M,1,380,118,-0.01,3,1.05,0.047,2.75,229,33,398
F,1,395,137,0.06,3,1.05,0.047,2.75,229,33,399
M,1,454,58,2.17,3,1.05,0.047,2.75,229,33,400
M,1,393,57,0.55,3,1.05,0.047,2.75,229,33,401
M,1,453,60,-0.41,2,0.58,0.303,3,2,34,402
M,0,472,52,-1.61,2,0.58,0.303,3,2,34,403
F,1,437,85,0.55,2,0.58,0.303,3,2,34,404
F,1,475,56,0.04,7,0.5,0.303,4.17,188,34,405
M,1,412,41,-1.43,7,0.5,0.303,4.17,188,34,406
F,1,423,73,-1.43,7,0.5,0.303,4.17,188,34,407
M,1,439,-12,-0.83,7,0.5,0.303,4.17,188,34,408
F,0,422,44,-0.97,3,0.71,0.13,5,56,35,409
F,0,507,10,-0.49,3,0.71,0.13,5,56,35,410
M,0,483,-7,-0.62,3,0.71,0.13,5,56,35,411
F,1,499,48,-1.01,3,0.71,0.13,5,56,35,412
F,1,478,55,0.39,3,0.71,0.13,5,56,35,413
M,0,456,53,-0.31,10,1.86,0.13,2,122,35,414
M,0,494,8,-0.85,10,1.86,0.13,2,122,35,415
F,0,480,54,-0.52,10,1.86,0.13,2,122,35,416
M,0,551,7,-0.27,10,1.86,0.13,2,122,35,417
M,0,446,26,-1.13,10,1.86,0.13,2,122,35,418
M,0,476,34,-0.17,10,1.86,0.13,2,122,35,419
F,1,500,31,-0.18,1,-0.12,0.088,3,63,36,420
F,0,500,80,-0.16,1,-0.12,0.088,3,63,36,421
F,1,446,77,0.54,14,0.48,0.088,1.5,180,36,422
M,1,445,60,1.07,14,0.48,0.088,1.5,180,36,423
F,1,436,88,-0.84,14,0.48,0.088,1.5,180,36,424
F,1,504,76,-0.5,14,0.48,0.088,1.5,180,36,425
M,1,420,88,-0.35,14,0.48,0.088,1.5,180,36,426
F,1,495,76,-0.27,14,0.48,0.088,1.5,180,36,427
F,1,448,37,-0.02,9,-1.53,0.249,2,103,37,428
F,1,465,5,-0.44,9,-1.53,0.249,2,103,37,429
F,1,473,18,-0.48,9,-1.53,0.249,2,103,37,430
M,1,350,136,-0.35,28,-0.28,0.249,3,125,37,431
F,1,429,65,0.5,28,-0.28,0.249,3,125,37,432
M,1,450,53,-0.51,28,-0.28,0.249,3,125,37,433
M,1,440,48,0.11,28,-0.28,0.249,3,125,37,434
F,1,407,74,-1.02,1,1.13,0.249,2,210,37,435
F,1,438,80,0.21,1,1.13,0.249,2,210,37,436
F,1,434,6,-0.28,1,1.13,0.249,2,210,37,437
M,1,452,39,0.4,5,-1.14,0.249,1.5,249,37,438
F,1,477,10,0.26,2,-0.52,0.17,2.5,16,38,439
M,1,502,61,0.37,2,-0.52,0.17,2.5,16,38,440
M,1,470,32,-0.37,2,-0.52,0.17,2.5,16,38,441
M,1,475,77,-0.38,2,-0.52,0.17,2.5,16,38,442
F,1,437,57,1.34,2,-0.52,0.17,2.5,16,38,443
M,1,359,99,0.28,2,-0.52,0.17,2.5,16,38,444
M,1,441,9,1.26,14,NA,0.17,2.5,309,38,445
M,1,436,51,0.07,14,NA,0.17,2.5,309,38,446
M,1,494,34,-0.9,14,NA,0.17,2.5,309,38,447
M,1,544,-34,-0.66,2,-0.76,0.123,1.5,79,39,448
M,0,483,28,-0.6,2,-0.76,0.123,1.5,79,39,449
F,1,516,74,-0.62,2,-0.76,0.123,1.5,79,39,450
M,1,545,-22,-0.17,2,-0.76,0.123,1.5,79,39,451
M,1,451,45,-0.39,2,-0.76,0.123,1.5,79,39,452
F,1,471,21,-0.86,2,-0.36,0.123,1.75,198,39,453
F,1,511,0,-0.82,2,-0.36,0.123,1.75,198,39,454
F,1,490,48,-1.12,20,NA,0.123,2,274,39,455
F,1,592,-11,-0.29,7,-1.09,0.123,2.75,288,39,456
M,1,424,85,0.16,7,-1.09,0.123,2.75,288,39,457
M,1,566,52,-0.5,7,-1.09,0.123,2.75,288,39,458
M,1,450,41,-0.61,7,-1.09,0.123,2.75,288,39,459
M,0,475,16,-0.36,1,-1.09,0.279,1.5,9,40,460
F,1,526,8,-0.52,1,-1.09,0.279,1.5,9,40,461
M,1,448,-51,-0.72,1,-1.09,0.279,1.5,9,40,462
M,1,467,87,-0.57,6,-1.04,0.279,2.5,257,40,463
M,0,525,64,-0.62,6,-1.04,0.279,2.5,257,40,464
M,0,491,24,-0.22,6,-1.04,0.279,2.5,257,40,465
F,1,464,85,-0.27,6,-1.04,0.279,2.5,257,40,466
M,1,446,65,1.2,28,-0.1,0.036,2.83,18,41,467
M,1,431,91,-0.41,29,-0.35,0.036,5.25,50,41,468
M,1,450,58,0.25,29,-0.35,0.036,5.25,50,41,469
F,0,474,77,0.69,29,-0.35,0.036,5.25,50,41,470
M,0,543,0,0.17,29,-0.35,0.036,5.25,50,41,471
M,1,473,88,-0.38,11,-0.68,0.036,2.25,142,41,472
M,1,452,70,-0.48,11,-0.68,0.036,2.25,142,41,473
M,0,498,103,-0.39,11,-0.68,0.036,2.25,142,41,474
F,1,472,67,-1.11,11,-0.68,0.036,2.25,142,41,475
F,1,459,76,-0.03,0,-1.28,0.157,2,54,42,476
M,1,523,33,0.41,0,-1.28,0.157,2,54,42,477
F,1,506,48,-0.65,0,-1.28,0.157,2,54,42,478
F,1,481,59,0.3,0,-1.28,0.157,2,54,42,479
F,1,463,50,0.63,20,1.65,0.157,2.75,70,42,480
F,1,484,77,-0.94,6,0.27,0.157,3,207,42,481
F,1,430,33,-0.93,6,0.27,0.157,3,207,42,482
F,1,463,40,-1.02,6,0.27,0.157,3,207,42,483
F,1,475,55,0.05,6,0.27,0.157,3,207,42,484
M,1,483,47,-1.24,6,0.27,0.157,3,207,42,485
F,1,424,62,-0.92,6,0.27,0.157,3,207,42,486
M,1,461,74,0.43,14,0.61,0.157,2.5,296,42,487
F,1,468,39,-0.2,14,0.61,0.157,2.5,296,42,488
F,1,415,99,0,14,0.61,0.157,2.5,296,42,489
F,1,432,59,0.1,14,0.61,0.157,2.5,296,42,490
M,1,499,54,-0.14,14,0.61,0.157,2.5,296,42,491
M,1,453,91,-0.33,14,0.61,0.157,2.5,296,42,492
M,1,508,67,1.66,14,0.61,0.157,2.5,296,42,493
F,1,470,25,0.49,2,0.92,0.179,2.25,220,43,494
M,1,471,70,0.26,2,0.92,0.179,2.25,220,43,495
F,1,517,37,-0.82,1,2.61,0.179,2.25,227,43,496
F,1,422,90,-1.35,1,2.61,0.179,2.25,227,43,497
M,0,482,65,0.97,20,1.94,0.347,2.5,176,44,498
F,1,414,86,-0.04,20,1.94,0.347,2.5,176,44,499
F,0,435,79,-0.03,20,1.94,0.347,2.5,176,44,500
F,0,465,71,0.43,20,1.94,0.347,2.5,176,44,501
F,0,499,36,0.68,4,1.31,0.347,2,219,44,502
M,0,423,98,-0.32,4,1.31,0.347,2,219,44,503
F,0,448,68,-0.03,4,1.31,0.347,2,219,44,504
M,1,483,34,-1.11,4,1.31,0.347,2,219,44,505
M,0,443,126,-0.3,21,1.47,0.347,2.24,246,44,506
F,0,523,25,0.54,21,1.47,0.347,2.24,246,44,507
F,1,417,70,-0.7,21,1.47,0.347,2.24,246,44,508
M,0,432,115,-0.03,21,1.47,0.347,2.24,246,44,509
M,0,547,-3,0.54,11,-0.61,0.347,2,268,44,510
F,0,477,80,1.21,11,-0.61,0.347,2,268,44,511
M,0,420,97,-0.03,11,-0.61,0.347,2,268,44,512
M,0,509,67,0.83,11,-0.61,0.347,2,268,44,513
F,0,494,59,-0.47,11,-0.61,0.347,2,268,44,514
F,1,503,8,-0.04,25,0.64,0.164,3.25,300,45,515
M,1,461,87,0.29,25,0.64,0.164,3.25,300,45,516
M,1,469,71,-1.28,25,0.64,0.164,3.25,300,45,517
M,1,482,90,-0.96,25,0.64,0.164,3.25,300,45,518
F,1,459,77,-0.67,25,0.64,0.164,3.25,300,45,519
M,1,381,97,-0.16,10,1.89,0.238,2,19,46,520
M,1,464,62,-0.74,10,1.89,0.238,2,19,46,521
M,1,484,39,1.09,11,0.03,0.238,2.67,69,46,522
M,1,470,28,0.51,11,0.03,0.238,2.67,69,46,523
F,1,502,47,-0.08,11,0.03,0.238,2.67,69,46,524
F,1,441,72,-0.36,22,1.13,0.238,1.75,71,46,525
M,1,459,85,0.83,22,1.13,0.238,1.75,71,46,526
M,1,420,81,-0.57,2,NA,0.238,2.5,133,46,527
F,1,474,34,-0.12,2,NA,0.238,2.5,133,46,528
F,1,461,36,0.35,2,NA,0.238,2.5,133,46,529
M,1,481,16,0.07,18,-1.44,0.238,3.17,240,46,530
F,1,438,34,-0.83,18,-1.44,0.238,3.17,240,46,531
F,1,469,71,-0.58,18,-1.44,0.238,3.17,240,46,532
M,1,413,88,-0.74,2,-0.78,0.257,2.5,61,47,533
F,1,462,14,-0.81,2,-0.78,0.257,2.5,61,47,534
M,1,488,91,0.5,25,1.57,0.257,3.17,82,47,535
M,1,400,57,0.07,25,1.57,0.257,3.17,82,47,536
M,1,442,7,-0.04,25,1.57,0.257,3.17,82,47,537
M,1,485,54,0.05,25,1.57,0.257,3.17,82,47,538
M,1,290,253,-0.4,25,1.57,0.257,3.17,82,47,539
M,1,438,70,-0.11,2,1.12,0.257,2,155,47,540
F,1,446,52,-0.22,2,1.12,0.257,2,155,47,541
F,1,501,52,1.11,2,1.12,0.257,2,155,47,542
M,1,421,68,-0.03,5,NA,0.159,2,153,48,543
F,1,418,40,-0.43,5,NA,0.159,2,153,48,544
F,1,430,25,-0.56,5,NA,0.159,2,153,48,545
F,1,464,61,1.91,5,NA,0.159,2,153,48,546
M,1,458,36,1.32,5,NA,0.159,2,153,48,547
F,1,391,64,-1.35,5,NA,0.159,2,153,48,548
F,1,430,80,-0.5,20,-1.73,0.142,2.25,105,49,549
M,1,409,144,0.26,20,-1.73,0.142,2.25,105,49,550
M,1,459,48,0.03,20,-1.73,0.142,2.25,105,49,551
M,1,462,142,0.71,20,-1.73,0.142,2.25,105,49,552
M,1,480,3,-0.36,6,-0.72,0.142,3.5,212,49,553
M,1,503,77,-0.03,6,-0.72,0.142,3.5,212,49,554
M,0,458,66,-0.23,6,-0.72,0.142,3.5,212,49,555
M,1,459,92,1.84,6,-0.72,0.142,3.5,212,49,556
M,0,521,2,0.06,6,-0.78,0.044,2,25,50,557
F,0,507,70,-0.41,6,-0.78,0.044,2,25,50,558
M,0,506,63,1.23,6,-0.78,0.044,2,25,50,559
F,1,502,13,-0.28,6,-0.78,0.044,2,25,50,560
M,0,477,46,-0.01,18,-1.33,0.044,2,127,50,561
M,0,470,85,-0.64,18,-1.33,0.044,2,127,50,562
F,1,506,31,-0.6,18,-1.33,0.044,2,127,50,563
M,0,553,20,1.23,7,0.92,0.044,2,289,50,564
F,1,469,26,0.97,7,0.92,0.044,2,289,50,565
F,0,483,95,-0.22,7,0.92,0.044,2,289,50,566
M,1,479,26,-0.4,7,0.92,0.044,2,289,50,567
M,0,494,50,-0.02,7,0.92,0.044,2,289,50,568
F,0,472,62,-0.03,15,0.8,0.096,2,59,51,569
F,0,420,84,-0.09,15,0.8,0.096,2,59,51,570
M,1,454,35,0.2,15,0.8,0.096,2,59,51,571
M,1,495,45,-1.05,15,0.8,0.096,2,59,51,572
F,1,521,48,0.82,7,1.91,0.138,1.67,255,52,573
M,1,524,65,1.16,7,1.91,0.138,1.67,255,52,574
F,1,521,43,0.92,7,1.91,0.138,1.67,255,52,575
F,1,496,32,0.63,7,1.91,0.138,1.67,255,52,576
M,1,498,49,0.49,7,1.91,0.138,1.67,255,52,577
F,1,462,61,0.4,7,1.91,0.138,1.67,255,52,578
F,1,422,35,-1.03,30,-0.61,0.138,3,270,52,579
M,1,428,30,-1.51,30,-0.61,0.138,3,270,52,580
F,1,434,15,-0.53,30,-0.61,0.138,3,270,52,581
F,1,489,47,-0.03,27,0.47,0.101,2,14,53,582
F,1,434,65,-0.51,27,0.47,0.101,2,14,53,583
F,1,394,112,-0.03,27,0.47,0.101,2,14,53,584
M,1,488,142,-0.28,27,0.47,0.101,2,14,53,585
F,1,512,14,-0.99,32,0.22,0.101,2.5,149,53,586
M,1,520,46,-0.2,32,0.22,0.101,2.5,149,53,587
M,1,491,61,-0.03,32,0.22,0.101,2.5,149,53,588
F,0,460,91,-0.05,32,0.22,0.101,2.5,149,53,589
M,0,471,48,0.06,5,1.97,0.137,2,259,54,590
M,0,516,29,2.04,5,1.97,0.137,2,259,54,591
M,0,510,31,1.86,5,1.97,0.137,2,259,54,592
M,1,457,60,0.12,5,1.97,0.137,2,259,54,593
M,0,504,54,1.79,5,1.97,0.137,2,259,54,594
M,0,544,23,1.79,5,1.97,0.137,2,259,54,595
F,1,506,5,-0.71,5,1.97,0.137,2,259,54,596
F,0,451,32,2.93,5,1.97,0.137,2,259,54,597
M,0,515,16,-0.33,2,1.61,0.137,2,301,54,598
M,1,504,64,0.12,2,1.61,0.137,2,301,54,599
F,0,497,20,-0.18,20,-0.19,0.065,2.5,24,55,600
M,0,476,6,-0.62,24,-0.27,0.065,2.25,35,55,601
F,0,525,55,-0.03,24,-0.27,0.065,2.25,35,55,602
M,1,472,113,-1.28,24,-0.27,0.065,2.25,35,55,603
M,0,427,67,1.09,24,-0.27,0.065,2.25,35,55,604
F,0,446,62,0.45,2,-0.76,0.065,4,117,55,605
F,0,465,59,0.09,2,-0.76,0.065,4,117,55,606
M,0,498,46,0.17,2,-0.76,0.065,4,117,55,607
M,1,495,36,-1.02,2,-0.76,0.065,4,117,55,608
M,0,491,18,-0.32,2,-0.76,0.065,4,117,55,609
F,1,463,54,-1.15,2,-0.76,0.065,4,117,55,610
M,0,478,76,-0.8,2,-0.76,0.065,4,117,55,611
F,0,415,84,-0.24,2,-0.76,0.065,4,117,55,612
F,0,506,-4,-0.43,13,0.85,0.04,2.75,3,56,613
F,0,516,18,-0.26,13,0.85,0.04,2.75,3,56,614
M,0,456,33,-0.51,13,0.85,0.04,2.75,3,56,615
F,0,511,122,1.54,13,0.24,0.04,3,168,56,616
F,0,524,53,0.12,13,0.24,0.04,3,168,56,617
M,0,480,77,-0.37,13,0.24,0.04,3,168,56,618
M,0,521,26,0.07,13,0.24,0.04,3,168,56,619
M,0,505,55,0.38,13,0.24,0.04,3,168,56,620
M,0,482,85,0.02,13,0.24,0.04,3,168,56,621
M,0,470,56,-1.28,13,0.24,0.04,3,168,56,622
F,1,431,89,-0.96,33,-0.26,0.289,3,36,57,623
M,1,349,132,-0.76,9,0.65,0.289,3.5,40,57,624
F,1,465,127,0.19,9,0.65,0.289,3.5,40,57,625
F,1,474,22,-0.86,9,0.65,0.289,3.5,40,57,626
F,1,435,69,-1.14,19,0.57,0.289,2.5,171,57,627
F,1,484,39,-0.05,22,-0.41,0.289,3,250,57,628
M,1,498,52,-0.07,22,-0.41,0.289,3,250,57,629
M,1,466,34,-1.15,1,0.89,0.289,2.5,272,57,630
M,1,456,36,0.32,28,NA,0.101,6,12,58,631
F,0,480,62,0.55,28,NA,0.101,6,12,58,632
M,1,451,51,-0.8,28,NA,0.101,6,12,58,633
F,1,500,109,-0.28,28,NA,0.101,6,12,58,634
F,0,533,-8,0.05,28,NA,0.101,6,12,58,635
M,1,536,6,-0.85,5,-1.28,0.362,1.5,34,59,636
F,0,506,41,0.01,8,0.02,0.362,1,108,59,637
M,1,455,54,0.27,8,0.02,0.362,1,108,59,638
M,1,540,79,-0.28,8,0.02,0.362,1,108,59,639
F,1,482,102,-0.03,5,0.47,0.243,1,121,60,640
M,1,493,122,-0.03,5,0.47,0.243,1,121,60,641
M,1,445,72,-0.03,5,0.47,0.243,1,121,60,642
F,1,432,36,-0.03,5,0.47,0.243,1,121,60,643
M,1,445,118,-0.68,5,0.47,0.243,1,121,60,644
M,1,415,79,-0.03,5,0.47,0.243,1,121,60,645
F,1,443,59,-0.03,5,-1.43,0.243,2,242,60,646
F,1,428,78,-0.73,5,-1.43,0.243,2,242,60,647
M,1,449,74,-0.07,5,-1.43,0.243,2,242,60,648
M,1,492,79,-0.03,5,-1.43,0.243,2,242,60,649
M,1,515,24,0.3,5,-1.43,0.243,2,242,60,650
M,1,489,23,-0.03,5,-1.43,0.243,2,242,60,651
F,1,470,94,-0.03,5,-1.43,0.243,2,242,60,652
M,1,442,35,-0.09,2,-0.72,0.335,2.5,1,61,653
M,1,422,109,-1.32,2,-0.72,0.335,2.5,1,61,654
F,1,482,66,0.43,2,-0.72,0.335,2.5,1,61,655
F,1,489,19,-0.06,2,-0.72,0.335,2.5,1,61,656
M,1,460,10,-1.28,2,-0.72,0.335,2.5,1,61,657
M,1,448,52,-0.03,1,-0.72,0.335,2,124,61,658
F,1,449,15,-0.03,0,0.89,0.335,2,192,61,659
F,1,441,37,-1.35,0,0.89,0.335,2,192,61,660
F,1,503,22,-1.21,4,0.84,0.335,4.25,267,61,661
F,1,454,50,-1.06,4,0.84,0.335,4.25,267,61,662
M,1,456,62,-1.03,4,0.84,0.335,4.25,267,61,663
F,0,629,-84,2.33,13,0.89,0.17,2.74,22,62,664
F,0,501,179,2,13,0.89,0.17,2.74,22,62,665
M,0,589,11,2.43,13,0.89,0.17,2.74,22,62,666
M,0,524,65,0.46,13,0.89,0.17,2.74,22,62,667
F,0,466,78,3.16,13,0.89,0.17,2.74,22,62,668
F,0,502,41,0.46,13,0.89,0.17,2.74,22,62,669
F,0,532,55,1.06,13,0.89,0.17,2.74,22,62,670
M,0,500,57,0.08,13,0.89,0.17,2.74,22,62,671
F,0,527,37,2.06,32,0.89,0.17,2.3,46,62,672
M,0,496,61,3.21,32,0.89,0.17,2.3,46,62,673
F,0,596,23,0.73,32,0.89,0.17,2.3,46,62,674
M,0,499,112,1.81,32,0.89,0.17,2.3,46,62,675
M,1,419,67,1.22,32,0.89,0.17,2.3,46,62,676
F,1,474,17,0.04,24,0.96,0.072,2,310,63,677
M,0,510,84,-0.67,24,0.96,0.072,2,310,63,678
M,1,496,64,-0.55,24,0.96,0.072,2,310,63,679
M,1,432,76,-0.86,8,-0.42,0.18,3.5,38,64,680
F,0,436,77,0.07,8,-0.42,0.18,3.5,38,64,681
M,1,472,49,0.18,8,-0.42,0.18,3.5,38,64,682
M,0,420,79,-0.69,8,-0.42,0.18,3.5,38,64,683
F,1,447,97,0.75,8,-0.42,0.18,3.5,38,64,684
M,0,463,40,-0.03,8,-0.42,0.18,3.5,38,64,685
F,1,429,67,0.11,8,-0.42,0.18,3.5,38,64,686
M,0,494,32,-0.02,4,-0.51,0.18,2,294,64,687
F,1,449,95,-0.08,4,-0.51,0.18,2,294,64,688
M,1,465,62,-0.03,4,-0.51,0.18,2,294,64,689
F,1,466,17,-0.71,40,-1.36,0.05,5,95,65,690
F,0,448,25,0.01,40,-1.36,0.05,5,95,65,691
M,1,524,52,0.3,3,0.89,0.05,2.5,128,65,692
F,1,466,88,-0.63,3,0.89,0.05,2.5,128,65,693
M,0,521,76,1.29,3,0.89,0.05,2.5,128,65,694
F,1,408,69,-0.72,3,0.89,0.05,2.5,128,65,695
M,1,474,23,-0.45,2,-1.07,0.05,3.75,284,65,696
F,0,521,65,-0.99,2,-1.07,0.05,3.75,284,65,697
M,0,503,92,1.17,2,-1.07,0.05,3.75,284,65,698
M,0,514,64,-0.03,29,-0.54,0.509,2.17,91,66,699
F,1,478,56,-0.2,29,-0.54,0.509,2.17,91,66,700
M,0,443,84,0.06,29,-0.54,0.509,2.17,91,66,701
F,0,445,53,0.22,29,-0.54,0.509,2.17,91,66,702
M,0,474,61,0.61,16,0,0.509,2.75,218,66,703
M,0,500,38,1.79,16,0,0.509,2.75,218,66,704
M,0,464,57,-0.62,29,0.75,0.509,3,269,66,705
M,0,506,66,-0.07,29,0.75,0.509,3,269,66,706
M,1,413,102,0.25,5,1.08,0.339,5.33,4,67,707
M,1,427,86,-0.12,5,1.08,0.339,5.33,4,67,708
M,1,482,66,-0.7,5,1.08,0.339,5.33,4,67,709
M,1,430,106,-0.53,5,1.08,0.339,5.33,4,67,710
F,1,441,79,-0.46,5,1.08,0.339,5.33,4,67,711
M,1,429,110,-0.75,5,1.08,0.339,5.33,4,67,712
F,1,401,107,0.05,17,-1.02,0.339,3.5,73,67,713
F,1,513,55,0.06,17,-1.02,0.339,3.5,73,67,714
F,1,437,82,-1.45,17,-1.02,0.339,3.5,73,67,715
F,1,479,32,-0.71,18,-0.66,0.339,1,245,67,716
M,1,431,57,-1.04,18,-0.66,0.339,1,245,67,717
F,0,436,79,-0.03,18,-0.66,0.339,1,245,67,718
F,1,542,36,-0.55,23,0.04,0.209,1.5,57,68,719
M,1,487,44,-1.24,23,0.04,0.209,1.5,57,68,720
M,1,501,39,-0.36,23,0.04,0.209,1.5,57,68,721
F,1,463,86,-0.83,23,0.04,0.209,1.5,57,68,722
F,1,290,214,-0.67,16,-0.07,0.209,6,244,68,723
F,1,488,75,-0.57,7,-0.75,0.209,2,263,68,724
F,1,508,29,-0.34,7,-0.75,0.209,2,263,68,725
F,1,489,71,-0.71,7,-0.75,0.209,2,263,68,726
M,1,491,29,-0.8,23,-1.06,0.209,3.17,271,68,727
F,1,435,91,-0.57,23,-1.06,0.209,3.17,271,68,728
F,1,414,93,-1.15,23,-1.06,0.209,3.17,271,68,729
M,1,409,128,-0.96,26,-0.71,0.209,1.67,298,68,730
F,1,490,52,-0.16,26,-0.71,0.209,1.67,298,68,731
F,1,500,59,-0.16,26,-0.71,0.209,1.67,298,68,732
F,1,473,79,-1.21,26,-0.71,0.209,1.67,298,68,733
F,1,423,123,0.88,26,-0.71,0.209,1.67,298,68,734
M,1,365,107,-0.03,0,-0.52,0.523,2,90,69,735
F,1,443,66,-0.76,0,-0.52,0.523,2,90,69,736
M,1,431,83,1.03,6,-0.72,0.523,2,290,69,737
M,1,425,45,-0.64,6,-0.72,0.523,2,290,69,738
F,1,456,22,0.55,6,-0.72,0.523,2,290,69,739
M,1,484,96,-1.15,3,-1.28,0.43,2,83,70,740
M,1,464,45,-1.19,3,-1.28,0.43,2,83,70,741
F,1,509,53,-0.46,3,-1.28,0.43,2,83,70,742
F,1,463,68,-1.45,3,-1.28,0.43,2,83,70,743
M,1,400,107,-0.09,3,-1.28,0.43,2,83,70,744
F,1,418,108,-1.15,3,-1.28,0.43,2,83,70,745
F,1,403,117,-0.59,3,-1.28,0.43,2,83,70,746
F,1,405,62,-0.36,5,1.15,0.43,2.33,146,70,747
M,1,428,145,0.11,5,1.15,0.43,2.33,146,70,748
M,1,496,63,0.16,5,1.15,0.43,2.33,146,70,749
F,1,471,45,-1.27,6,-0.3,0.43,3.25,152,70,750
F,1,434,36,-1.25,6,-0.3,0.43,3.25,152,70,751
F,1,447,69,-0.98,6,-0.3,0.43,3.25,152,70,752
F,1,481,66,-1.45,6,-0.3,0.43,3.25,152,70,753
M,1,368,218,-1.14,6,-0.3,0.43,3.25,152,70,754
F,1,439,54,-0.49,6,-0.3,0.43,3.25,152,70,755
M,1,468,68,-0.03,0,0.12,0.43,2.5,261,70,756
F,1,466,81,-1.02,3,-1.22,0.43,4.5,311,70,757
M,1,514,32,-0.31,3,-1.22,0.43,4.5,311,70,758
F,0,488,45,1.21,8,1.24,0.085,2.5,80,71,759
M,0,459,95,0.14,8,1.24,0.085,2.5,80,71,760
M,1,459,24,-0.03,8,1.24,0.085,2.5,80,71,761
M,0,551,10,1.16,8,1.24,0.085,2.5,80,71,762
M,0,500,68,1.09,8,1.24,0.085,2.5,80,71,763
M,1,455,60,-0.78,8,1.24,0.085,2.5,80,71,764
F,0,551,82,-0.19,31,0.45,0.085,2,120,71,765
M,0,485,80,-0.05,31,0.45,0.085,2,120,71,766
M,0,537,104,2.07,31,0.45,0.085,2,120,71,767
F,0,499,85,1.08,31,0.45,0.085,2,120,71,768
M,0,494,35,0.1,31,0.45,0.085,2,120,71,769
M,0,502,54,0.93,31,0.45,0.085,2,120,71,770
F,0,545,39,0.8,31,0.45,0.085,2,120,71,771
F,0,527,50,1.27,31,0.45,0.085,2,120,71,772
F,0,523,70,-0.69,3,0.51,0.085,3,209,71,773
F,0,517,80,0.16,3,0.51,0.085,3,209,71,774
F,0,561,34,0.91,5,1.25,0.085,1.83,264,71,775
F,0,452,49,2.06,5,1.25,0.085,1.83,264,71,776
F,1,477,1,0.02,5,1.25,0.085,1.83,264,71,777
M,0,480,43,-0.2,5,1.25,0.085,1.83,264,71,778
F,0,556,2,0.72,5,1.25,0.085,1.83,264,71,779
F,0,473,55,0.28,5,1.25,0.085,1.83,264,71,780
F,0,543,78,0.8,5,1.25,0.085,1.83,264,71,781
M,0,502,63,0.24,10,-0.01,0.085,3.83,304,71,782
M,0,513,10,0.97,10,-0.01,0.085,3.83,304,71,783
F,0,446,72,0.3,10,-0.01,0.085,3.83,304,71,784
M,1,506,29,0.46,10,-0.01,0.085,3.83,304,71,785
M,0,542,77,0.6,19,0.12,0.249,2.5,29,72,786
M,0,469,88,0.8,19,0.12,0.249,2.5,29,72,787
F,1,510,20,-0.38,19,0.12,0.249,2.5,29,72,788
M,0,523,28,-0.22,26,-0.67,0.249,3,148,72,789
M,0,510,51,0.56,26,-0.67,0.249,3,148,72,790
F,0,532,47,-0.37,26,-0.67,0.249,3,148,72,791
F,0,498,37,0.37,26,-0.67,0.249,3,148,72,792
F,0,524,113,1.95,4,-0.38,0.249,2,243,72,793
F,0,520,16,0.69,4,-0.38,0.249,2,243,72,794
F,1,488,53,0.27,4,-0.38,0.249,2,243,72,795
M,1,478,28,0.62,4,-0.38,0.249,2,243,72,796
F,1,489,70,-0.03,16,1.62,0.117,2.5,213,73,797
M,1,426,44,-0.72,16,1.62,0.117,2.5,213,73,798
M,1,442,28,-0.07,16,1.62,0.117,2.5,213,73,799
M,1,422,93,-0.55,18,NA,0.117,2.3,276,73,800
M,1,466,46,-0.11,18,NA,0.117,2.3,276,73,801
F,1,523,37,0.54,18,NA,0.117,2.3,276,73,802
M,1,393,95,-0.84,18,NA,0.117,2.3,276,73,803
M,1,436,51,0.17,18,NA,0.117,2.3,276,73,804
F,1,435,11,-0.04,18,NA,0.117,2.3,276,73,805
F,1,479,38,0.47,18,NA,0.117,2.3,276,73,806
M,0,411,118,-0.61,34,-1.64,0.202,3,232,74,807
M,0,496,-2,0.62,34,-1.64,0.202,3,232,74,808
M,1,433,59,-0.98,34,-0.03,0.202,3.83,295,74,809
F,1,490,60,-0.03,6,-1.46,0.367,1.83,39,75,810
F,1,452,66,-0.88,6,-1.46,0.367,1.83,39,75,811
M,0,510,147,-0.47,2,-0.19,0.367,2.5,42,75,812
F,1,461,106,0.39,2,-0.19,0.367,2.5,42,75,813
F,1,457,36,0.09,2,-0.19,0.367,2.5,42,75,814
M,1,438,53,-1.52,2,-0.19,0.367,2.5,42,75,815
F,1,486,57,-0.96,2,-0.19,0.367,2.5,42,75,816
M,0,504,97,0.27,2,-0.19,0.367,2.5,42,75,817
F,1,455,58,-0.86,2,-0.19,0.367,2.5,42,75,818
F,0,436,116,-0.61,2,-0.19,0.367,2.5,42,75,819
F,1,451,80,-1.08,2,-0.19,0.367,2.5,42,75,820
F,1,508,58,-0.04,2,-0.19,0.367,2.5,42,75,821
F,1,533,19,-0.09,2,0.06,0.367,2,154,75,822
F,1,476,110,0.02,2,0.06,0.367,2,154,75,823
F,1,396,78,-1.06,1,-0.27,0.367,2,181,75,824
M,0,428,23,-1,8,0.41,0.161,3,8,76,825
M,0,482,58,0.81,8,0.41,0.161,3,8,76,826
M,0,523,25,0.46,8,0.41,0.161,3,8,76,827
F,0,505,-15,0.41,8,0.41,0.161,3,8,76,828
M,1,429,46,0.17,21,2.14,0.161,2.3,28,76,829
M,0,290,152,-0.45,21,2.14,0.161,2.3,28,76,830
F,1,485,62,-0.83,21,2.14,0.161,2.3,28,76,831
F,0,495,19,-0.22,21,2.14,0.161,2.3,28,76,832
F,0,470,13,0.04,21,2.14,0.161,2.3,28,76,833
M,1,456,38,0.16,29,0.85,0.161,2.33,136,76,834
M,1,474,58,0.03,29,0.85,0.161,2.33,136,76,835
M,1,480,-10,0.1,29,0.85,0.161,2.33,136,76,836
M,0,458,61,0.41,29,0.85,0.161,2.33,136,76,837
F,0,438,56,-0.35,29,0.85,0.161,2.33,136,76,838
M,0,449,69,0.19,29,0.85,0.161,2.33,136,76,839
F,0,455,73,-0.91,13,0.89,0.161,2.3,277,76,840
F,0,458,-3,-0.14,13,0.89,0.161,2.3,277,76,841
F,0,503,25,0.17,13,0.89,0.161,2.3,277,76,842
F,0,469,33,0.84,13,0.89,0.161,2.3,277,76,843
M,0,426,19,-0.23,13,0.89,0.161,2.3,277,76,844
F,0,451,60,0.63,13,0.89,0.161,2.3,277,76,845
F,0,437,35,0.07,13,0.89,0.161,2.3,277,76,846
M,0,485,50,-0.14,5,2.61,0.161,3.25,287,76,847
M,0,441,59,0.1,5,2.61,0.161,3.25,287,76,848
M,0,433,46,-0.32,5,2.61,0.161,3.25,287,76,849
F,0,439,61,0.45,5,2.61,0.161,3.25,287,76,850
M,0,417,75,-0.12,5,2.61,0.161,3.25,287,76,851
M,0,463,59,1.1,7,-0.75,0.041,1,27,77,852
F,0,482,60,1.72,7,-0.75,0.041,1,27,77,853
M,0,469,72,1.04,7,-0.75,0.041,1,27,77,854
M,0,450,17,0.72,7,-0.75,0.041,1,27,77,855
F,0,453,52,0.2,7,-0.75,0.041,1,27,77,856
F,0,522,52,0.08,7,-0.75,0.041,1,27,77,857
F,0,468,58,0.69,12.54,NA,0.041,2.3,53,77,858
M,0,458,125,1.6,12.54,NA,0.041,2.3,53,77,859
F,0,514,5,0.56,12.54,NA,0.041,2.3,53,77,860
M,0,427,71,-0.03,12.54,NA,0.041,2.3,53,77,861
F,0,501,56,1.11,12.54,NA,0.041,2.3,53,77,862
F,0,471,57,-0.32,29,-0.47,0.041,5,189,77,863
F,0,515,28,1.42,29,-0.47,0.041,5,189,77,864
M,0,431,101,0.22,29,-0.47,0.041,5,189,77,865
M,0,500,44,1.27,29,-0.47,0.041,5,189,77,866
M,0,477,27,-0.09,29,-0.47,0.041,5,189,77,867
F,0,489,64,1,29,-0.47,0.041,5,189,77,868
F,0,484,65,0.27,29,-0.47,0.041,5,189,77,869
F,0,475,49,1.29,29,-0.47,0.041,5,189,77,870
M,0,514,67,1.06,29,-0.47,0.041,5,189,77,871
M,0,493,33,0.55,5,-0.66,0.041,2.25,305,77,872
M,0,514,31,0.82,5,-0.66,0.041,2.25,305,77,873
F,0,497,81,1.29,5,-0.66,0.041,2.25,305,77,874
M,0,510,57,-0.09,5,-0.66,0.041,2.25,305,77,875
M,1,474,56,-0.03,13,0.62,0.407,2,13,78,876
M,1,478,12,-0.03,13,0.62,0.407,2,13,78,877
F,1,482,49,0.81,13,0.62,0.407,2,13,78,878
M,1,463,24,0.01,13,0.62,0.407,2,13,78,879
M,1,461,75,-0.21,13,0.62,0.407,2,13,78,880
M,1,512,25,-0.61,13,0.62,0.407,2,13,78,881
F,1,439,77,-0.94,13,0.62,0.407,2,13,78,882
F,1,473,6,0.06,13,0.62,0.407,2,13,78,883
M,1,435,26,-1.29,13,0.62,0.407,2,13,78,884
M,1,419,85,-1.06,2,NA,0.407,1.5,111,78,885
F,1,430,30,-0.46,2,NA,0.407,1.5,111,78,886
F,1,476,13,-0.47,2,NA,0.407,1.5,111,78,887
F,1,472,40,-1.09,0,-0.52,0.407,2,183,78,888
M,1,427,11,-0.03,0,-0.52,0.407,2,183,78,889
F,1,488,2,-0.03,0,-0.52,0.407,2,183,78,890
F,1,436,50,-1.21,4,0.12,0.351,2,23,79,891
F,1,462,43,1.57,2,-1.56,0.351,2,112,79,892
F,1,401,74,-0.22,2,-1.56,0.351,2,112,79,893
F,1,468,31,0.36,2,-1.28,0.351,2.5,253,79,894
F,1,451,87,1.33,2,-1.28,0.351,2.5,253,79,895
F,1,531,24,0.92,2,-1.28,0.351,2.5,253,79,896
M,1,438,139,0.11,2,-1.28,0.351,2.5,253,79,897
F,1,467,49,-0.13,2,-1.28,0.351,2.5,253,79,898
M,1,506,24,1.13,2,-1.28,0.351,2.5,253,79,899
F,1,457,96,-0.17,2,-1.28,0.351,2.5,253,79,900
F,1,402,55,-1.26,2,-1.28,0.351,2.5,253,79,901
M,1,473,92,0.18,2,-1.28,0.351,2.5,253,79,902
F,1,432,110,0.51,9,-1.04,0.19,2.42,222,80,903
M,1,433,73,-0.94,9,-1.04,0.19,2.42,222,80,904
F,1,484,69,-0.37,9,-1.04,0.19,2.42,222,80,905
F,1,457,101,-0.08,9,-1.04,0.19,2.42,222,80,906
M,1,449,52,-0.51,13,0.96,0.19,4,308,80,907
M,1,481,74,-0.14,13,0.96,0.19,4,308,80,908
F,1,466,43,-0.37,13,0.96,0.19,4,308,80,909
F,1,461,74,-0.66,11,1.96,0.21,2.5,116,81,910
F,1,447,102,-0.51,11,1.96,0.21,2.5,116,81,911
F,1,474,90,0.04,11,1.75,0.21,2,174,81,912
M,0,430,74,-0.03,11,1.75,0.21,2,174,81,913
F,0,452,44,-0.67,11,1.75,0.21,2,174,81,914
F,0,428,53,-0.42,11,1.75,0.21,2,174,81,915
M,1,452,66,-0.73,11,1.75,0.21,2,174,81,916
F,0,485,40,-0.78,11,1.75,0.21,2,174,81,917
F,1,458,48,-0.44,11,1.75,0.21,2,174,81,918
M,1,443,60,-0.33,7,NA,0.103,2,164,82,919
M,0,407,79,-0.33,7,NA,0.103,2,164,82,920
M,0,424,93,0.93,7,NA,0.103,2,164,82,921
M,0,463,23,0.53,7,NA,0.103,2,164,82,922
M,0,499,26,0.51,7,NA,0.103,2,164,82,923
M,0,432,80,-0.21,20,1.95,0.103,2.25,169,82,924
F,0,479,109,0.71,20,1.95,0.103,2.25,169,82,925
M,0,443,86,1.11,20,1.95,0.103,2.25,169,82,926
F,0,444,26,-0.27,20,1.95,0.103,2.25,169,82,927
F,0,513,51,0.95,20,1.95,0.103,2.25,169,82,928
F,0,484,48,1.28,20,1.95,0.103,2.25,169,82,929
M,1,353,46,-1.17,1,0.89,0.103,2.25,184,82,930
M,0,450,49,1.57,1,0.89,0.103,2.25,184,82,931
M,0,472,55,0.52,1,0.89,0.103,2.25,184,82,932
M,0,441,39,1.53,1,0.89,0.103,2.25,184,82,933
M,0,487,36,0.01,1,0.89,0.103,2.25,184,82,934
F,0,450,30,-0.27,3,-1.12,0.103,2.5,225,82,935
F,0,431,66,-0.08,3,-1.12,0.103,2.5,225,82,936
M,0,450,74,0.26,3,-1.12,0.103,2.5,225,82,937
F,1,437,55,0.11,11,1.5,0.141,6,165,83,938
F,0,529,77,-1.15,11,1.5,0.141,6,165,83,939
F,1,423,93,-0.44,11,1.5,0.141,6,165,83,940
F,1,480,60,-0.36,11,1.5,0.141,6,165,83,941
F,1,498,40,-0.4,11,1.5,0.141,6,165,83,942
M,1,512,76,1.8,11,1.5,0.141,6,165,83,943
F,1,466,22,-1.31,10,-0.35,0.141,3.5,235,83,944
M,1,447,10,-0.54,10,-0.35,0.141,3.5,235,83,945
F,1,492,74,-0.24,10,-0.35,0.141,3.5,235,83,946
M,1,492,45,0.01,10,-0.35,0.141,3.5,235,83,947
F,1,467,67,0.27,10,-0.35,0.141,3.5,235,83,948
M,1,476,54,0.38,10,-0.35,0.141,3.5,235,83,949
M,1,398,86,-0.06,2,-1.89,0.255,2,76,84,950
F,1,407,60,-1.26,2,-1.89,0.255,2,76,84,951
F,1,430,96,-0.03,2,-1.89,0.255,2,76,84,952
F,1,471,58,-0.31,2,-1.89,0.255,2,76,84,953
F,1,449,42,-0.72,2,NA,0.255,1.5,143,84,954
F,1,406,107,-0.93,2,NA,0.255,1.5,143,84,955
F,1,459,129,0.02,2,NA,0.255,1.5,143,84,956
M,1,436,75,-0.05,2,NA,0.255,1.5,143,84,957
F,1,430,84,-0.81,2,NA,0.255,1.5,143,84,958
M,1,418,85,-0.99,2,NA,0.255,1.5,143,84,959
F,1,392,108,-0.59,1,-0.69,0.255,1.5,161,84,960
M,1,484,28,-0.45,1,-0.69,0.255,1.5,161,84,961
M,1,418,88,-1.02,1,-0.69,0.255,1.5,161,84,962
F,1,427,96,-0.71,1,-0.69,0.255,1.5,161,84,963
M,0,520,29,0.33,28,1.44,0.107,2.17,66,85,964
F,0,561,-13,1.72,28,1.44,0.107,2.17,66,85,965
M,0,473,66,-0.38,28,1.44,0.107,2.17,66,85,966
M,0,513,25,0.68,28,1.44,0.107,2.17,66,85,967
M,0,517,44,0.96,28,1.44,0.107,2.17,66,85,968
F,0,523,79,-0.11,28,1.44,0.107,2.17,66,85,969
F,0,514,65,-0.74,23,-0.52,0.107,4,84,85,970
M,0,527,59,-0.11,30,NA,0.107,2,157,85,971
M,0,458,99,0.98,30,NA,0.107,2,157,85,972
F,0,516,13,0.15,30,NA,0.107,2,157,85,973
F,0,526,79,0.7,30,NA,0.107,2,157,85,974
M,0,510,-4,-1.21,1,0.28,0.107,2.75,186,85,975
F,0,509,17,0.01,1,0.28,0.107,2.75,186,85,976
F,0,502,55,-0.76,1,0.28,0.107,2.75,186,85,977
M,0,496,-10,-0.64,1,0.28,0.107,2.75,186,85,978
F,0,389,136,-0.18,1,0.28,0.107,2.75,186,85,979
M,0,532,30,0.29,1,0.28,0.107,2.75,186,85,980
F,0,547,133,0.28,16,-0.27,0.107,2,196,85,981
F,0,515,96,0.72,16,-0.27,0.107,2,196,85,982
M,0,448,58,0.12,16,-0.27,0.107,2,196,85,983
M,1,525,20,0.26,16,1.5,0.537,3.25,65,86,984
M,1,431,-28,0.56,2,0,0.537,2.5,132,86,985
M,1,453,63,-0.11,2,0,0.537,2.5,132,86,986
F,1,465,41,-0.12,2,0,0.537,2.5,132,86,987
M,1,446,52,1.27,9,-1.21,0.537,2.5,275,86,988
F,1,468,42,0.87,9,-1.21,0.537,2.5,275,86,989
M,1,441,51,-0.25,9,-1.21,0.537,2.5,275,86,990
M,1,477,67,-0.03,1,0.19,0.306,4,21,87,991
M,1,486,42,-0.61,1,0.19,0.306,4,21,87,992
M,1,499,35,-0.03,1,0.19,0.306,4,21,87,993
M,1,471,52,-0.03,1,0.19,0.306,4,21,87,994
F,1,531,17,-0.67,1,-0.23,0.306,2,72,87,995
F,1,494,57,-0.33,1,-0.23,0.306,2,72,87,996
M,1,497,63,-1.29,1,-0.23,0.306,2,72,87,997
M,1,537,2,-0.62,21,-0.4,0.306,1.5,106,87,998
F,1,482,46,0.51,21,-0.4,0.306,1.5,106,87,999
F,1,446,77,-0.86,4,-1.2,0.306,4.5,187,87,1000
F,1,460,2,-1.48,8,-0.64,0.546,2,67,88,1001
F,1,488,40,-1.02,8,-0.64,0.546,2,67,88,1002
F,1,451,18,-0.03,5,-1.37,0.546,2,312,88,1003
M,1,421,52,0.6,5,-1.37,0.546,2,312,88,1004
F,1,374,69,0.66,5,-1.37,0.546,2,312,88,1005
F,1,428,51,-0.48,5,-1.37,0.546,2,312,88,1006
F,1,513,39,0.76,1,-0.73,0.092,1,292,89,1007
M,1,491,11,-0.25,1,-0.73,0.092,1,292,89,1008
F,1,427,80,-0.38,1,-0.73,0.092,1,292,89,1009
M,1,524,69,1.11,1,-0.73,0.092,1,292,89,1010
F,1,453,34,-0.24,13,-0.09,0.259,2,52,90,1011
M,1,506,-13,-0.13,13,-0.09,0.259,2,52,90,1012
M,1,424,130,0.01,27,0.96,0.259,4,238,90,1013
F,1,495,34,0.64,12.54,NA,0.047,2.3,15,91,1014
F,1,454,32,0.18,10,-0.76,0.047,1,45,91,1015
F,1,462,39,0.5,10,-0.76,0.047,1,45,91,1016
M,1,517,30,0.42,10,-0.76,0.047,1,45,91,1017
M,1,448,39,2.02,10,-0.76,0.047,1,45,91,1018
M,1,489,-18,1,10,-0.76,0.047,1,45,91,1019
F,1,423,102,0.11,10,-0.64,0.047,1.25,151,91,1020
M,1,461,53,-0.06,10,-0.64,0.047,1.25,151,91,1021
M,1,435,42,-0.62,9,-0.14,0.047,1,231,91,1022
F,1,422,85,-0.03,9,-0.14,0.047,1,231,91,1023
F,1,473,70,-0.36,9,-0.14,0.047,1,231,91,1024
M,0,477,43,-0.3,9,-0.14,0.047,1,231,91,1025
M,0,536,46,1.08,9,-0.14,0.047,1,231,91,1026
F,1,429,54,1.12,9,-0.14,0.047,1,231,91,1027
F,1,424,66,0.7,9,-0.14,0.047,1,231,91,1028
M,1,446,58,-0.05,9,-0.14,0.047,1,231,91,1029
F,1,485,48,0.05,3,0.1,0.114,2.5,173,92,1030
F,0,473,60,0.17,3,0.1,0.114,2.5,173,92,1031
F,1,448,34,0.72,14,-0.65,0.114,2.25,199,92,1032
M,0,569,93,0.91,33,-0.61,0.114,2,248,92,1033
F,1,460,45,-0.14,33,-0.61,0.114,2,248,92,1034
M,1,433,67,0,33,-0.61,0.114,2,248,92,1035
F,1,438,75,-0.03,33,-0.61,0.114,2,248,92,1036
M,0,477,58,0.02,33,-0.61,0.114,2,248,92,1037
F,1,443,97,-0.14,33,-0.61,0.114,2,248,92,1038
F,0,483,63,0.65,26,2.61,0.068,2.5,123,93,1039
M,0,476,31,0.54,26,2.61,0.068,2.5,123,93,1040
M,0,542,58,0.11,26,2.61,0.068,2.5,123,93,1041
F,0,495,37,0.36,26,2.61,0.068,2.5,123,93,1042
M,0,492,54,1.28,26,2.61,0.068,2.5,123,93,1043
M,1,502,30,0.08,26,2.61,0.068,2.5,123,93,1044
F,0,524,34,0.41,26,2.61,0.068,2.5,123,93,1045
F,1,465,51,-1.35,26,2.61,0.068,2.5,123,93,1046
M,0,532,-6,-0.03,10,-0.82,0.068,2.5,126,93,1047
M,0,534,28,-0.03,10,-0.82,0.068,2.5,126,93,1048
F,0,468,43,0.62,10,-0.82,0.068,2.5,126,93,1049
M,0,489,14,0.02,10,-0.82,0.068,2.5,126,93,1050
M,0,482,48,0.41,10,-0.82,0.068,2.5,126,93,1051
M,1,493,28,0.67,10,-0.82,0.068,2.5,126,93,1052
F,0,460,72,0.69,10,NA,0.068,2,182,93,1053
F,1,480,51,0.08,10,NA,0.068,2,182,93,1054
F,1,499,78,0.02,10,NA,0.068,2,182,93,1055
F,0,531,59,0.42,10,NA,0.068,2,182,93,1056
M,0,509,34,0,10,NA,0.068,2,182,93,1057
F,0,517,42,0.01,12.54,NA,0.068,2.3,194,93,1058
F,0,532,30,-0.13,12.54,NA,0.068,2.3,194,93,1059
M,1,471,83,-0.08,8,-0.52,0.127,3,134,94,1060
F,1,464,92,0.44,8,-0.52,0.127,3,134,94,1061
F,1,485,97,0.13,8,-0.52,0.127,3,134,94,1062
M,1,470,125,0.55,8,-0.52,0.127,3,134,94,1063
M,1,430,58,0.12,22,-2.5,0.127,3,224,94,1064
M,1,478,44,0.33,22,-2.5,0.127,3,224,94,1065
F,1,459,42,-0.03,22,-2.5,0.127,3,224,94,1066
M,1,452,63,-0.87,22,-2.5,0.127,3,224,94,1067
F,1,500,74,-0.05,22,-2.5,0.127,3,224,94,1068
F,1,386,72,-0.25,18,0.12,0.127,1,282,94,1069
M,1,367,112,0.23,18,0.12,0.127,1,282,94,1070
F,1,426,109,-0.23,18,1.55,0.127,1,306,94,1071
F,1,410,121,0.61,18,1.55,0.127,1,306,94,1072
F,0,428,95,-0.25,18,1.55,0.127,1,306,94,1073
F,1,476,51,-1.06,18,1.55,0.127,1,306,94,1074
F,1,523,43,1.36,10,-1.39,0.067,2,140,95,1075
F,1,488,51,0.73,10,-1.39,0.067,2,140,95,1076
M,0,500,35,-0.33,2,0.12,0.067,2,144,95,1077
F,1,290,203,-0.32,2,0.12,0.067,2,144,95,1078
F,0,539,5,0.33,2,0.12,0.067,2,144,95,1079
F,0,447,43,-0.45,20,NA,0.107,2.3,109,96,1080
M,1,427,70,-0.2,20,NA,0.107,2.3,109,96,1081
F,1,453,40,0.35,20,NA,0.107,2.3,109,96,1082
F,1,494,43,-0.45,20,NA,0.107,2.3,109,96,1083
F,1,501,12,0.32,26,-0.72,0.107,2.17,185,96,1084
M,1,463,53,0.15,0,-0.72,0.107,2,237,96,1085
F,1,459,52,-0.23,0,-0.72,0.107,2,237,96,1086
F,1,458,56,-0.65,0,-0.72,0.107,2,237,96,1087
F,1,441,85,0.04,12,0.44,0.075,2.5,75,97,1088
M,1,421,108,-0.26,12,0.44,0.075,2.5,75,97,1089
F,1,498,98,0.5,12,0.44,0.075,2.5,75,97,1090
M,0,456,16,-1.09,12,0.44,0.075,2.5,75,97,1091
M,0,551,8,0.46,12,0.44,0.075,2.5,75,97,1092
M,0,458,80,0.94,12,0.44,0.075,2.5,75,97,1093
F,1,461,37,0.89,5,-1.35,0.085,2.5,221,98,1094
M,1,398,61,-0.65,5,-1.35,0.085,2.5,221,98,1095
F,1,390,89,-0.42,28,2.33,0.095,1.58,205,99,1096
M,1,463,72,-0.81,28,2.33,0.095,1.58,205,99,1097
M,1,479,78,-0.52,28,2.33,0.095,1.58,205,99,1098
M,1,505,45,-0.53,28,2.33,0.095,1.58,205,99,1099
F,1,440,49,0.18,28,2.33,0.095,1.58,205,99,1100
M,1,523,20,-0.03,28,2.33,0.095,1.58,205,99,1101
F,0,448,43,-0.15,28,2.33,0.095,1.58,205,99,1102
F,1,507,14,0.44,28,2.33,0.095,1.58,205,99,1103
F,1,413,89,-0.43,28,2.33,0.095,1.58,205,99,1104
F,1,385,24,-0.73,17,-1.39,0.095,3.17,214,99,1105
F,1,448,45,-0.03,14,NA,0.095,3,226,99,1106
M,1,449,72,-0.03,14,NA,0.095,3,226,99,1107
M,1,428,114,-0.87,14,0.59,0.095,1.17,236,99,1108
M,1,431,47,-0.15,14,0.59,0.095,1.17,236,99,1109
F,1,419,53,-0.79,17,NA,0.095,4,266,99,1110
M,1,452,17,-0.81,17,NA,0.095,4,266,99,1111
M,1,472,51,-0.31,17,NA,0.095,4,266,99,1112
F,1,474,41,-0.27,17,NA,0.095,4,266,99,1113
M,1,470,24,-0.49,17,NA,0.095,4,266,99,1114
M,1,456,10,-0.93,4,-1.28,0.071,1.5,74,100,1115
F,1,438,58,0.72,25,-2.34,0.071,2.3,99,100,1116
M,1,461,80,-0.39,18,NA,0.071,2,135,100,1117
F,1,481,77,-0.11,18,NA,0.071,2,135,100,1118
F,1,454,116,0.03,18,NA,0.071,2,135,100,1119
F,1,499,82,-0.03,18,NA,0.071,2,135,100,1120
F,1,513,28,-0.36,18,NA,0.071,2,135,100,1121
M,1,488,51,-0.83,18,NA,0.071,2,135,100,1122
F,1,456,69,-0.03,18,NA,0.071,2,135,100,1123
F,1,476,41,-1.19,13,-1.74,0.071,3.5,281,100,1124
F,1,483,86,-0.35,13,-1.74,0.071,3.5,281,100,1125
M,1,504,35,1.37,13,-1.74,0.071,3.5,281,100,1126
F,1,488,69,-0.9,13,-1.74,0.071,3.5,281,100,1127
M,0,440,13,-0.93,4,-0.8,0.064,2.5,68,101,1128
F,1,479,49,0.77,4,-0.8,0.064,2.5,68,101,1129
M,1,494,87,-0.34,4,-0.8,0.064,2.5,68,101,1130
M,0,532,0,0.34,4,-0.8,0.064,2.5,68,101,1131
M,0,490,91,-0.64,2,0.73,0.064,2.75,138,101,1132
M,1,440,74,-0.03,2,0.73,0.064,2.75,138,101,1133
M,1,370,69,-0.63,2,0.73,0.064,2.75,138,101,1134
F,1,434,69,0.27,2,0.73,0.064,2.75,138,101,1135
F,0,429,88,-0.36,2,0.73,0.064,2.75,138,101,1136
M,1,483,38,0.94,0,-1.28,0.064,2.5,215,101,1137
F,0,486,20,-0.17,0,-1.28,0.064,2.5,215,101,1138
M,1,411,87,-0.42,31,-1.7,0.064,3.75,273,101,1139
M,0,504,43,0.74,31,-1.7,0.064,3.75,273,101,1140
M,1,484,74,0,31,-1.7,0.064,3.75,273,101,1141
F,1,372,118,0.18,31,-1.7,0.064,3.75,273,101,1142
M,0,458,105,-0.2,31,-1.7,0.064,3.75,273,101,1143
F,1,490,3,1.32,34,-1.28,0.126,2,44,102,1144
M,1,496,25,-1.19,34,-1.28,0.126,2,44,102,1145
M,1,376,11,0.62,34,-1.28,0.126,2,44,102,1146
F,1,490,54,-1.05,34,-1.28,0.126,2,44,102,1147
F,1,462,75,-0.62,34,-1.28,0.126,2,44,102,1148
M,1,412,55,0.7,34,-1.28,0.126,2,44,102,1149
F,1,406,129,-0.49,3,-1.25,0.126,1.83,241,102,1150
M,1,488,87,-0.34,3,-1.25,0.126,1.83,241,102,1151
F,1,437,37,-0.17,3,-1.25,0.126,1.83,241,102,1152
F,1,465,54,-0.72,3,-1.25,0.126,1.83,241,102,1153
M,1,462,58,-0.18,3,-1.25,0.126,1.83,241,102,1154
M,1,455,71,0.29,4,-1.79,0.076,4.5,37,103,1155
M,1,431,107,-0.03,2,-0.55,0.076,4,193,103,1156
M,1,458,55,1.81,2,-0.55,0.076,4,193,103,1157
M,1,290,191,-0.52,5,-0.3,0.076,2.25,247,103,1158
M,1,474,87,0.22,5,-0.3,0.076,2.25,247,103,1159
F,1,453,95,0.18,5,-0.3,0.076,2.25,247,103,1160
M,1,436,116,0.84,5,-0.3,0.076,2.25,247,103,1161
F,1,421,77,0.95,5,-0.3,0.076,2.25,247,103,1162
M,0,502,85,1.82,25,0.89,0.054,2,60,104,1163
M,1,423,51,-0.28,25,0.89,0.054,2,60,104,1164
F,0,451,61,-1.03,25,0.89,0.054,2,60,104,1165
M,0,403,138,0.98,36,1.04,0.054,3.75,129,104,1166
F,1,477,95,-0.03,36,1.04,0.054,3.75,129,104,1167
F,1,410,96,-0.49,36,1.04,0.054,3.75,129,104,1168
F,0,405,95,0.49,34,-1.57,0.099,3,33,105,1169
M,1,449,32,1.73,34,-1.57,0.099,3,33,105,1170
M,1,446,17,-0.26,34,-1.57,0.099,3,33,105,1171
M,0,432,105,0.23,34,-1.57,0.099,3,33,105,1172
F,0,461,73,2.33,9,1.3,0.099,2.25,200,105,1173
F,0,523,51,-0.69,9,1.3,0.099,2.25,200,105,1174
M,1,448,71,-0.13,9,1.3,0.099,2.25,200,105,1175
M,0,506,70,-0.03,9,1.3,0.099,2.25,200,105,1176
F,0,452,67,0.03,9,1.3,0.099,2.25,200,105,1177
F,0,478,33,0.33,9,1.3,0.099,2.25,200,105,1178
M,1,547,-4,-0.21,6,-0.48,0.266,2.5,62,106,1179
M,1,506,23,-0.6,6,-0.48,0.266,2.5,62,106,1180
F,1,421,38,-1.52,12,1.45,0.177,2.67,96,107,1181
F,0,448,57,0.4,12,1.45,0.177,2.67,96,107,1182
F,0,521,30,2.04,12,1.45,0.177,2.67,96,107,1183
F,0,443,85,0.98,12,1.45,0.177,2.67,96,107,1184
F,0,422,56,-0.24,12,1.45,0.177,2.67,96,107,1185
F,0,502,47,0.16,12,1.45,0.177,2.67,96,107,1186
F,0,474,19,-1.02,12,1.45,0.177,2.67,96,107,1187
M,0,485,37,1.3,12,1.45,0.177,2.67,96,107,1188
M,0,473,44,-0.03,25,0.5,0.177,2,239,107,1189
F,0,453,69,-0.37,25,0.5,0.177,2,239,107,1190
